fold,n_labeled_all,n_labeled_actigraphy,coverage_labeled_fraction,missing_classes_in_actigraphy,all_class_0,actigraphy_class_0,all_class_1,actigraphy_class_1,all_class_2,actigraphy_class_2,all_class_3,actigraphy_class_3
0,547,200,0.3656307129798903,,319,116,146,54,76,27,6,3
1,548,215,0.39233576642335766,,319,132,146,52,76,27,7,4
2,547,200,0.3656307129798903,,318,125,146,49,76,25,7,1
3,547,192,0.3510054844606947,,319,105,146,55,75,30,7,2
4,547,189,0.34552102376599636,3,319,105,146,56,75,28,7,0
