feature,feat_version,cohort,system,algo,model,macro_f1_mean,macro_f1_std,qwk_mean,qwk_std,balanced_accuracy_mean,balanced_accuracy_std,log_loss_mean,log_loss_std,train_time_s_mean,train_time_s_std,peak_rss_gb_mean,peak_rss_gb_std,inference_latency_us_mean,inference_latency_us_std,model_size_mb_mean,model_size_mb_std
feat_v1,v1_tabular,all,sklearn,lr,sklearn_lr,0.36190099602622927,0.012823253448525859,0.36505942301601524,0.01849896278395322,0.4035569686206375,0.03138313917797826,1.1743311296853296,0.039183660138039526,9.00308994380175,0.5365800607465321,0.73238525390625,0.0002191987586133435,37.98489397740923,1.8520021328396363,0.0038518905639648438,0.0
feat_v1,v1_tabular,all,sklearn,mlp,sklearn_mlp,0.3026727955477106,0.018013836947843732,0.2854474822155014,0.05341669673222249,0.3088712789335532,0.012408671923993643,0.9281217685448573,0.015301449391168837,0.34029049120726995,0.14662590137727144,0.7368476867675782,0.001446106199827139,149.1398109938018,37.29395183539456,0.4904451370239258,8.738904457566133e-05
feat_v1,v1_tabular,all,spark,lr,spark_lr,0.36268051330387024,0.017250379977812952,0.3611770852467996,0.032009687813654056,0.3993243407517506,0.030925950255027052,1.4625872637112427,0.12578075842014844,24.193881571589735,3.1786006395975317,0.7518096923828125,0.0015750138035710518,161424.5426998241,4983.898902344903,,
feat_v1,v1_tabular,all,spark,mlp,spark_mlp,0.30140263651770743,0.019239026100661964,0.24830823329181909,0.03287173556096335,0.3022839599123395,0.02111514982324076,11.717917273458253,0.636783474621574,4.478049371187808,0.10087384793086981,0.7520965576171875,0.0010250528096995882,150002.64455913566,1811.783989947971,,
feat_v1,v1_tabular,all,pytorch,lr,pytorch_lr,0.346541500922455,0.014686285450391528,0.3352116712450406,0.025592375210102703,0.4188226801594343,0.03600064764706485,1.1363775584833846,0.03430001229011014,0.6038588924042415,0.2764940612612143,1.4252426147460937,0.006669411604814527,70.84430902614258,28.38576916643256,0.0033159255981445312,0.0
feat_v1,v1_tabular,all,pytorch,mlp,pytorch_mlp,0.3434567012674152,0.011441344186505168,0.3481238368063084,0.02448465301948742,0.4391430778230445,0.03508085480102224,1.1069138525212812,0.04358885829866241,0.11875046420609578,0.011567274728813384,1.4921913146972656,0.002569206962770106,118.64829098340124,14.79528757038719,0.08349323272705078,0.0
